{
  "symbols": [
    "BTCUSDT",
    "ETHUSDT",
    "SOLUSDT",
    "XRPUSDT",
    "DOGEUSDT",
    "LTCUSDT"
  ],
  "accuracies": [
    0.593607305936073,
    0.5342465753424658,
    0.6164383561643836,
    0.6210045662100456,
    0.6210045662100456,
    0.5753424657534246
  ],
  "confidence_accuracies": 0.684931506849315
}